,#,Name,Type,Total,HP,Attack,Defense,Sp. Atk,Sp. Def,Speed
0,001,Bulbasaur,GrassPoison,318,45,49,49,65,65,45
1,002,Ivysaur,GrassPoison,405,60,62,63,80,80,60
2,003,Venusaur,GrassPoison,525,80,82,83,100,100,80
3,003,VenusaurMega Venusaur,GrassPoison,625,80,100,123,122,120,80
4,004,Charmander,Fire,309,39,52,43,60,50,65
5,005,Charmeleon,Fire,405,58,64,58,80,65,80
6,006,Charizard,FireFlying,534,78,84,78,109,85,100
7,006,CharizardMega Charizard X,FireDragon,634,78,130,111,130,85,100
8,006,CharizardMega Charizard Y,FireFlying,634,78,104,78,159,115,100
9,007,Squirtle,Water,314,44,48,65,50,64,43
10,008,Wartortle,Water,405,59,63,80,65,80,58
11,009,Blastoise,Water,530,79,83,100,85,105,78
12,009,BlastoiseMega Blastoise,Water,630,79,103,120,135,115,78
13,010,Caterpie,Bug,195,45,30,35,20,20,45
14,011,Metapod,Bug,205,50,20,55,25,25,30
15,012,Butterfree,BugFlying,395,60,45,50,90,80,70
16,013,Weedle,BugPoison,195,40,35,30,20,20,50
17,014,Kakuna,BugPoison,205,45,25,50,25,25,35
18,015,Beedrill,BugPoison,395,65,90,40,45,80,75
19,015,BeedrillMega Beedrill,BugPoison,495,65,150,40,15,80,145
20,016,Pidgey,NormalFlying,251,40,45,40,35,35,56
21,017,Pidgeotto,NormalFlying,349,63,60,55,50,50,71
22,018,Pidgeot,NormalFlying,479,83,80,75,70,70,101
23,018,PidgeotMega Pidgeot,NormalFlying,579,83,80,80,135,80,121
24,019,Rattata,Normal,253,30,56,35,25,35,72
25,019,RattataAlolan Rattata,DarkNormal,253,30,56,35,25,35,72
26,020,Raticate,Normal,413,55,81,60,50,70,97
27,020,RaticateAlolan Raticate,DarkNormal,413,75,71,70,40,80,77
28,021,Spearow,NormalFlying,262,40,60,30,31,31,70
29,022,Fearow,NormalFlying,442,65,90,65,61,61,100
30,023,Ekans,Poison,288,35,60,44,40,54,55
31,024,Arbok,Poison,448,60,95,69,65,79,80
32,025,Pikachu,Electric,320,35,55,40,50,50,90
33,025,PikachuPartner Pikachu,Electric,430,45,80,50,75,60,120
34,026,Raichu,Electric,485,60,90,55,90,80,110
35,026,RaichuAlolan Raichu,ElectricPsychic,485,60,85,50,95,85,110
36,027,Sandshrew,Ground,300,50,75,85,20,30,40
37,027,SandshrewAlolan Sandshrew,IceSteel,300,50,75,90,10,35,40
38,028,Sandslash,Ground,450,75,100,110,45,55,65
39,028,SandslashAlolan Sandslash,IceSteel,450,75,100,120,25,65,65
40,029,Nidoran♀,Poison,275,55,47,52,40,40,41
41,030,Nidorina,Poison,365,70,62,67,55,55,56
42,031,Nidoqueen,PoisonGround,505,90,92,87,75,85,76
43,032,Nidoran♂,Poison,273,46,57,40,40,40,50
44,033,Nidorino,Poison,365,61,72,57,55,55,65
45,034,Nidoking,PoisonGround,505,81,102,77,85,75,85
46,035,Clefairy,Fairy,323,70,45,48,60,65,35
47,036,Clefable,Fairy,483,95,70,73,95,90,60
48,037,Vulpix,Fire,299,38,41,40,50,65,65
49,037,VulpixAlolan Vulpix,Ice,299,38,41,40,50,65,65
50,038,Ninetales,Fire,505,73,76,75,81,100,100
51,038,NinetalesAlolan Ninetales,IceFairy,505,73,67,75,81,100,109
52,039,Jigglypuff,NormalFairy,270,115,45,20,45,25,20
53,040,Wigglytuff,NormalFairy,435,140,70,45,85,50,45
54,041,Zubat,PoisonFlying,245,40,45,35,30,40,55
55,042,Golbat,PoisonFlying,455,75,80,70,65,75,90
56,043,Oddish,GrassPoison,320,45,50,55,75,65,30
57,044,Gloom,GrassPoison,395,60,65,70,85,75,40
58,045,Vileplume,GrassPoison,490,75,80,85,110,90,50
59,046,Paras,BugGrass,285,35,70,55,45,55,25
60,047,Parasect,BugGrass,405,60,95,80,60,80,30
61,048,Venonat,BugPoison,305,60,55,50,40,55,45
62,049,Venomoth,BugPoison,450,70,65,60,90,75,90
63,050,Diglett,Ground,265,10,55,25,35,45,95
64,050,DiglettAlolan Diglett,GroundSteel,265,10,55,30,35,45,90
65,051,Dugtrio,Ground,425,35,100,50,50,70,120
66,051,DugtrioAlolan Dugtrio,GroundSteel,425,35,100,60,50,70,110
67,052,Meowth,Normal,290,40,45,35,40,40,90
68,052,MeowthAlolan Meowth,Dark,290,40,35,35,50,40,90
69,053,Persian,Normal,440,65,70,60,65,65,115
70,053,PersianAlolan Persian,Dark,440,65,60,60,75,65,115
71,054,Psyduck,Water,320,50,52,48,65,50,55
72,055,Golduck,Water,500,80,82,78,95,80,85
73,056,Mankey,Fighting,305,40,80,35,35,45,70
74,057,Primeape,Fighting,455,65,105,60,60,70,95
75,058,Growlithe,Fire,350,55,70,45,70,50,60
76,059,Arcanine,Fire,555,90,110,80,100,80,95
77,060,Poliwag,Water,300,40,50,40,40,40,90
78,061,Poliwhirl,Water,385,65,65,65,50,50,90
79,062,Poliwrath,WaterFighting,510,90,95,95,70,90,70
80,063,Abra,Psychic,310,25,20,15,105,55,90
81,064,Kadabra,Psychic,400,40,35,30,120,70,105
82,065,Alakazam,Psychic,500,55,50,45,135,95,120
83,065,AlakazamMega Alakazam,Psychic,600,55,50,65,175,105,150
84,066,Machop,Fighting,305,70,80,50,35,35,35
85,067,Machoke,Fighting,405,80,100,70,50,60,45
86,068,Machamp,Fighting,505,90,130,80,65,85,55
87,069,Bellsprout,GrassPoison,300,50,75,35,70,30,40
88,070,Weepinbell,GrassPoison,390,65,90,50,85,45,55
89,071,Victreebel,GrassPoison,490,80,105,65,100,70,70
90,072,Tentacool,WaterPoison,335,40,40,35,50,100,70
91,073,Tentacruel,WaterPoison,515,80,70,65,80,120,100
92,074,Geodude,RockGround,300,40,80,100,30,30,20
93,074,GeodudeAlolan Geodude,RockElectric,300,40,80,100,30,30,20
94,075,Graveler,RockGround,390,55,95,115,45,45,35
95,075,GravelerAlolan Graveler,RockElectric,390,55,95,115,45,45,35
96,076,Golem,RockGround,495,80,120,130,55,65,45
97,076,GolemAlolan Golem,RockElectric,495,80,120,130,55,65,45
98,077,Ponyta,Fire,410,50,85,55,65,65,90
99,078,Rapidash,Fire,500,65,100,70,80,80,105
100,079,Slowpoke,WaterPsychic,315,90,65,65,40,40,15
101,080,Slowbro,WaterPsychic,490,95,75,110,100,80,30
102,080,SlowbroMega Slowbro,WaterPsychic,590,95,75,180,130,80,30
103,081,Magnemite,ElectricSteel,325,25,35,70,95,55,45
104,082,Magneton,ElectricSteel,465,50,60,95,120,70,70
105,083,Farfetch'd,NormalFlying,377,52,90,55,58,62,60
106,084,Doduo,NormalFlying,310,35,85,45,35,35,75
107,085,Dodrio,NormalFlying,470,60,110,70,60,60,110
108,086,Seel,Water,325,65,45,55,45,70,45
109,087,Dewgong,WaterIce,475,90,70,80,70,95,70
110,088,Grimer,Poison,325,80,80,50,40,50,25
111,088,GrimerAlolan Grimer,PoisonDark,325,80,80,50,40,50,25
112,089,Muk,Poison,500,105,105,75,65,100,50
113,089,MukAlolan Muk,PoisonDark,500,105,105,75,65,100,50
114,090,Shellder,Water,305,30,65,100,45,25,40
115,091,Cloyster,WaterIce,525,50,95,180,85,45,70
116,092,Gastly,GhostPoison,310,30,35,30,100,35,80
117,093,Haunter,GhostPoison,405,45,50,45,115,55,95
118,094,Gengar,GhostPoison,500,60,65,60,130,75,110
119,094,GengarMega Gengar,GhostPoison,600,60,65,80,170,95,130
120,095,Onix,RockGround,385,35,45,160,30,45,70
121,096,Drowzee,Psychic,328,60,48,45,43,90,42
122,097,Hypno,Psychic,483,85,73,70,73,115,67
123,098,Krabby,Water,325,30,105,90,25,25,50
124,099,Kingler,Water,475,55,130,115,50,50,75
125,100,Voltorb,Electric,330,40,30,50,55,55,100
126,101,Electrode,Electric,490,60,50,70,80,80,150
127,102,Exeggcute,GrassPsychic,325,60,40,80,60,45,40
128,103,Exeggutor,GrassPsychic,530,95,95,85,125,75,55
129,103,ExeggutorAlolan Exeggutor,GrassDragon,530,95,105,85,125,75,45
130,104,Cubone,Ground,320,50,50,95,40,50,35
131,105,Marowak,Ground,425,60,80,110,50,80,45
132,105,MarowakAlolan Marowak,FireGhost,425,60,80,110,50,80,45
133,106,Hitmonlee,Fighting,455,50,120,53,35,110,87
134,107,Hitmonchan,Fighting,455,50,105,79,35,110,76
135,108,Lickitung,Normal,385,90,55,75,60,75,30
136,109,Koffing,Poison,340,40,65,95,60,45,35
137,110,Weezing,Poison,490,65,90,120,85,70,60
138,111,Rhyhorn,GroundRock,345,80,85,95,30,30,25
139,112,Rhydon,GroundRock,485,105,130,120,45,45,40
140,113,Chansey,Normal,450,250,5,5,35,105,50
141,114,Tangela,Grass,435,65,55,115,100,40,60
142,115,Kangaskhan,Normal,490,105,95,80,40,80,90
143,115,KangaskhanMega Kangaskhan,Normal,590,105,125,100,60,100,100
144,116,Horsea,Water,295,30,40,70,70,25,60
145,117,Seadra,Water,440,55,65,95,95,45,85
146,118,Goldeen,Water,320,45,67,60,35,50,63
147,119,Seaking,Water,450,80,92,65,65,80,68
148,120,Staryu,Water,340,30,45,55,70,55,85
149,121,Starmie,WaterPsychic,520,60,75,85,100,85,115
150,122,Mr. Mime,PsychicFairy,460,40,45,65,100,120,90
151,123,Scyther,BugFlying,500,70,110,80,55,80,105
152,124,Jynx,IcePsychic,455,65,50,35,115,95,95
153,125,Electabuzz,Electric,490,65,83,57,95,85,105
154,126,Magmar,Fire,495,65,95,57,100,85,93
155,127,Pinsir,Bug,500,65,125,100,55,70,85
156,127,PinsirMega Pinsir,BugFlying,600,65,155,120,65,90,105
157,128,Tauros,Normal,490,75,100,95,40,70,110
158,129,Magikarp,Water,200,20,10,55,15,20,80
159,130,Gyarados,WaterFlying,540,95,125,79,60,100,81
160,130,GyaradosMega Gyarados,WaterDark,640,95,155,109,70,130,81
161,131,Lapras,WaterIce,535,130,85,80,85,95,60
162,132,Ditto,Normal,288,48,48,48,48,48,48
163,133,Eevee,Normal,325,55,55,50,45,65,55
164,133,EeveePartner Eevee,Normal,435,65,75,70,65,85,75
165,134,Vaporeon,Water,525,130,65,60,110,95,65
166,135,Jolteon,Electric,525,65,65,60,110,95,130
167,136,Flareon,Fire,525,65,130,60,95,110,65
168,137,Porygon,Normal,395,65,60,70,85,75,40
169,138,Omanyte,RockWater,355,35,40,100,90,55,35
170,139,Omastar,RockWater,495,70,60,125,115,70,55
171,140,Kabuto,RockWater,355,30,80,90,55,45,55
172,141,Kabutops,RockWater,495,60,115,105,65,70,80
173,142,Aerodactyl,RockFlying,515,80,105,65,60,75,130
174,142,AerodactylMega Aerodactyl,RockFlying,615,80,135,85,70,95,150
175,143,Snorlax,Normal,540,160,110,65,65,110,30
176,144,Articuno,IceFlying,580,90,85,100,95,125,85
177,145,Zapdos,ElectricFlying,580,90,90,85,125,90,100
178,146,Moltres,FireFlying,580,90,100,90,125,85,90
179,147,Dratini,Dragon,300,41,64,45,50,50,50
180,148,Dragonair,Dragon,420,61,84,65,70,70,70
181,149,Dragonite,DragonFlying,600,91,134,95,100,100,80
182,150,Mewtwo,Psychic,680,106,110,90,154,90,130
183,150,MewtwoMega Mewtwo X,PsychicFighting,780,106,190,100,154,100,130
184,150,MewtwoMega Mewtwo Y,Psychic,780,106,150,70,194,120,140
185,151,Mew,Psychic,600,100,100,100,100,100,100
186,152,Chikorita,Grass,318,45,49,65,49,65,45
187,153,Bayleef,Grass,405,60,62,80,63,80,60
188,154,Meganium,Grass,525,80,82,100,83,100,80
189,155,Cyndaquil,Fire,309,39,52,43,60,50,65
190,156,Quilava,Fire,405,58,64,58,80,65,80
191,157,Typhlosion,Fire,534,78,84,78,109,85,100
192,158,Totodile,Water,314,50,65,64,44,48,43
193,159,Croconaw,Water,405,65,80,80,59,63,58
194,160,Feraligatr,Water,530,85,105,100,79,83,78
195,161,Sentret,Normal,215,35,46,34,35,45,20
196,162,Furret,Normal,415,85,76,64,45,55,90
197,163,Hoothoot,NormalFlying,262,60,30,30,36,56,50
198,164,Noctowl,NormalFlying,452,100,50,50,86,96,70
199,165,Ledyba,BugFlying,265,40,20,30,40,80,55
200,166,Ledian,BugFlying,390,55,35,50,55,110,85
201,167,Spinarak,BugPoison,250,40,60,40,40,40,30
202,168,Ariados,BugPoison,400,70,90,70,60,70,40
203,169,Crobat,PoisonFlying,535,85,90,80,70,80,130
204,170,Chinchou,WaterElectric,330,75,38,38,56,56,67
205,171,Lanturn,WaterElectric,460,125,58,58,76,76,67
206,172,Pichu,Electric,205,20,40,15,35,35,60
207,173,Cleffa,Fairy,218,50,25,28,45,55,15
208,174,Igglybuff,NormalFairy,210,90,30,15,40,20,15
209,175,Togepi,Fairy,245,35,20,65,40,65,20
210,176,Togetic,FairyFlying,405,55,40,85,80,105,40
211,177,Natu,PsychicFlying,320,40,50,45,70,45,70
212,178,Xatu,PsychicFlying,470,65,75,70,95,70,95
213,179,Mareep,Electric,280,55,40,40,65,45,35
214,180,Flaaffy,Electric,365,70,55,55,80,60,45
215,181,Ampharos,Electric,510,90,75,85,115,90,55
216,181,AmpharosMega Ampharos,ElectricDragon,610,90,95,105,165,110,45
217,182,Bellossom,Grass,490,75,80,95,90,100,50
218,183,Marill,WaterFairy,250,70,20,50,20,50,40
219,184,Azumarill,WaterFairy,420,100,50,80,60,80,50
220,185,Sudowoodo,Rock,410,70,100,115,30,65,30
221,186,Politoed,Water,500,90,75,75,90,100,70
222,187,Hoppip,GrassFlying,250,35,35,40,35,55,50
223,188,Skiploom,GrassFlying,340,55,45,50,45,65,80
224,189,Jumpluff,GrassFlying,460,75,55,70,55,95,110
225,190,Aipom,Normal,360,55,70,55,40,55,85
226,191,Sunkern,Grass,180,30,30,30,30,30,30
227,192,Sunflora,Grass,425,75,75,55,105,85,30
228,193,Yanma,BugFlying,390,65,65,45,75,45,95
229,194,Wooper,WaterGround,210,55,45,45,25,25,15
230,195,Quagsire,WaterGround,430,95,85,85,65,65,35
231,196,Espeon,Psychic,525,65,65,60,130,95,110
232,197,Umbreon,Dark,525,95,65,110,60,130,65
233,198,Murkrow,DarkFlying,405,60,85,42,85,42,91
234,199,Slowking,WaterPsychic,490,95,75,80,100,110,30
235,200,Misdreavus,Ghost,435,60,60,60,85,85,85
236,201,Unown,Psychic,336,48,72,48,72,48,48
237,202,Wobbuffet,Psychic,405,190,33,58,33,58,33
238,203,Girafarig,NormalPsychic,455,70,80,65,90,65,85
239,204,Pineco,Bug,290,50,65,90,35,35,15
240,205,Forretress,BugSteel,465,75,90,140,60,60,40
241,206,Dunsparce,Normal,415,100,70,70,65,65,45
242,207,Gligar,GroundFlying,430,65,75,105,35,65,85
243,208,Steelix,SteelGround,510,75,85,200,55,65,30
244,208,SteelixMega Steelix,SteelGround,610,75,125,230,55,95,30
245,209,Snubbull,Fairy,300,60,80,50,40,40,30
246,210,Granbull,Fairy,450,90,120,75,60,60,45
247,211,Qwilfish,WaterPoison,440,65,95,85,55,55,85
248,212,Scizor,BugSteel,500,70,130,100,55,80,65
249,212,ScizorMega Scizor,BugSteel,600,70,150,140,65,100,75
250,213,Shuckle,BugRock,505,20,10,230,10,230,5
251,214,Heracross,BugFighting,500,80,125,75,40,95,85
252,214,HeracrossMega Heracross,BugFighting,600,80,185,115,40,105,75
253,215,Sneasel,DarkIce,430,55,95,55,35,75,115
254,216,Teddiursa,Normal,330,60,80,50,50,50,40
255,217,Ursaring,Normal,500,90,130,75,75,75,55
256,218,Slugma,Fire,250,40,40,40,70,40,20
257,219,Magcargo,FireRock,430,60,50,120,90,80,30
258,220,Swinub,IceGround,250,50,50,40,30,30,50
259,221,Piloswine,IceGround,450,100,100,80,60,60,50
260,222,Corsola,WaterRock,410,65,55,95,65,95,35
261,223,Remoraid,Water,300,35,65,35,65,35,65
262,224,Octillery,Water,480,75,105,75,105,75,45
263,225,Delibird,IceFlying,330,45,55,45,65,45,75
264,226,Mantine,WaterFlying,485,85,40,70,80,140,70
265,227,Skarmory,SteelFlying,465,65,80,140,40,70,70
266,228,Houndour,DarkFire,330,45,60,30,80,50,65
267,229,Houndoom,DarkFire,500,75,90,50,110,80,95
268,229,HoundoomMega Houndoom,DarkFire,600,75,90,90,140,90,115
269,230,Kingdra,WaterDragon,540,75,95,95,95,95,85
270,231,Phanpy,Ground,330,90,60,60,40,40,40
271,232,Donphan,Ground,500,90,120,120,60,60,50
272,233,Porygon2,Normal,515,85,80,90,105,95,60
273,234,Stantler,Normal,465,73,95,62,85,65,85
274,235,Smeargle,Normal,250,55,20,35,20,45,75
275,236,Tyrogue,Fighting,210,35,35,35,35,35,35
276,237,Hitmontop,Fighting,455,50,95,95,35,110,70
277,238,Smoochum,IcePsychic,305,45,30,15,85,65,65
278,239,Elekid,Electric,360,45,63,37,65,55,95
279,240,Magby,Fire,365,45,75,37,70,55,83
280,241,Miltank,Normal,490,95,80,105,40,70,100
281,242,Blissey,Normal,540,255,10,10,75,135,55
282,243,Raikou,Electric,580,90,85,75,115,100,115
283,244,Entei,Fire,580,115,115,85,90,75,100
284,245,Suicune,Water,580,100,75,115,90,115,85
285,246,Larvitar,RockGround,300,50,64,50,45,50,41
286,247,Pupitar,RockGround,410,70,84,70,65,70,51
287,248,Tyranitar,RockDark,600,100,134,110,95,100,61
288,248,TyranitarMega Tyranitar,RockDark,700,100,164,150,95,120,71
289,249,Lugia,PsychicFlying,680,106,90,130,90,154,110
290,250,Ho-oh,FireFlying,680,106,130,90,110,154,90
291,251,Celebi,PsychicGrass,600,100,100,100,100,100,100
292,252,Treecko,Grass,310,40,45,35,65,55,70
293,253,Grovyle,Grass,405,50,65,45,85,65,95
294,254,Sceptile,Grass,530,70,85,65,105,85,120
295,254,SceptileMega Sceptile,GrassDragon,630,70,110,75,145,85,145
296,255,Torchic,Fire,310,45,60,40,70,50,45
297,256,Combusken,FireFighting,405,60,85,60,85,60,55
298,257,Blaziken,FireFighting,530,80,120,70,110,70,80
299,257,BlazikenMega Blaziken,FireFighting,630,80,160,80,130,80,100
300,258,Mudkip,Water,310,50,70,50,50,50,40
301,259,Marshtomp,WaterGround,405,70,85,70,60,70,50
302,260,Swampert,WaterGround,535,100,110,90,85,90,60
303,260,SwampertMega Swampert,WaterGround,635,100,150,110,95,110,70
304,261,Poochyena,Dark,220,35,55,35,30,30,35
305,262,Mightyena,Dark,420,70,90,70,60,60,70
306,263,Zigzagoon,Normal,240,38,30,41,30,41,60
307,264,Linoone,Normal,420,78,70,61,50,61,100
308,265,Wurmple,Bug,195,45,45,35,20,30,20
309,266,Silcoon,Bug,205,50,35,55,25,25,15
310,267,Beautifly,BugFlying,395,60,70,50,100,50,65
311,268,Cascoon,Bug,205,50,35,55,25,25,15
312,269,Dustox,BugPoison,385,60,50,70,50,90,65
313,270,Lotad,WaterGrass,220,40,30,30,40,50,30
314,271,Lombre,WaterGrass,340,60,50,50,60,70,50
315,272,Ludicolo,WaterGrass,480,80,70,70,90,100,70
316,273,Seedot,Grass,220,40,40,50,30,30,30
317,274,Nuzleaf,GrassDark,340,70,70,40,60,40,60
318,275,Shiftry,GrassDark,480,90,100,60,90,60,80
319,276,Taillow,NormalFlying,270,40,55,30,30,30,85
320,277,Swellow,NormalFlying,455,60,85,60,75,50,125
321,278,Wingull,WaterFlying,270,40,30,30,55,30,85
322,279,Pelipper,WaterFlying,440,60,50,100,95,70,65
323,280,Ralts,PsychicFairy,198,28,25,25,45,35,40
324,281,Kirlia,PsychicFairy,278,38,35,35,65,55,50
325,282,Gardevoir,PsychicFairy,518,68,65,65,125,115,80
326,282,GardevoirMega Gardevoir,PsychicFairy,618,68,85,65,165,135,100
327,283,Surskit,BugWater,269,40,30,32,50,52,65
328,284,Masquerain,BugFlying,454,70,60,62,100,82,80
329,285,Shroomish,Grass,295,60,40,60,40,60,35
330,286,Breloom,GrassFighting,460,60,130,80,60,60,70
331,287,Slakoth,Normal,280,60,60,60,35,35,30
332,288,Vigoroth,Normal,440,80,80,80,55,55,90
333,289,Slaking,Normal,670,150,160,100,95,65,100
334,290,Nincada,BugGround,266,31,45,90,30,30,40
335,291,Ninjask,BugFlying,456,61,90,45,50,50,160
336,292,Shedinja,BugGhost,236,1,90,45,30,30,40
337,293,Whismur,Normal,240,64,51,23,51,23,28
338,294,Loudred,Normal,360,84,71,43,71,43,48
339,295,Exploud,Normal,490,104,91,63,91,73,68
340,296,Makuhita,Fighting,237,72,60,30,20,30,25
341,297,Hariyama,Fighting,474,144,120,60,40,60,50
342,298,Azurill,NormalFairy,190,50,20,40,20,40,20
343,299,Nosepass,Rock,375,30,45,135,45,90,30
344,300,Skitty,Normal,260,50,45,45,35,35,50
345,301,Delcatty,Normal,400,70,65,65,55,55,90
346,302,Sableye,DarkGhost,380,50,75,75,65,65,50
347,302,SableyeMega Sableye,DarkGhost,480,50,85,125,85,115,20
348,303,Mawile,SteelFairy,380,50,85,85,55,55,50
349,303,MawileMega Mawile,SteelFairy,480,50,105,125,55,95,50
350,304,Aron,SteelRock,330,50,70,100,40,40,30
351,305,Lairon,SteelRock,430,60,90,140,50,50,40
352,306,Aggron,SteelRock,530,70,110,180,60,60,50
353,306,AggronMega Aggron,Steel,630,70,140,230,60,80,50
354,307,Meditite,FightingPsychic,280,30,40,55,40,55,60
355,308,Medicham,FightingPsychic,410,60,60,75,60,75,80
356,308,MedichamMega Medicham,FightingPsychic,510,60,100,85,80,85,100
357,309,Electrike,Electric,295,40,45,40,65,40,65
358,310,Manectric,Electric,475,70,75,60,105,60,105
359,310,ManectricMega Manectric,Electric,575,70,75,80,135,80,135
360,311,Plusle,Electric,405,60,50,40,85,75,95
361,312,Minun,Electric,405,60,40,50,75,85,95
362,313,Volbeat,Bug,430,65,73,75,47,85,85
363,314,Illumise,Bug,430,65,47,75,73,85,85
364,315,Roselia,GrassPoison,400,50,60,45,100,80,65
365,316,Gulpin,Poison,302,70,43,53,43,53,40
366,317,Swalot,Poison,467,100,73,83,73,83,55
367,318,Carvanha,WaterDark,305,45,90,20,65,20,65
368,319,Sharpedo,WaterDark,460,70,120,40,95,40,95
369,319,SharpedoMega Sharpedo,WaterDark,560,70,140,70,110,65,105
370,320,Wailmer,Water,400,130,70,35,70,35,60
371,321,Wailord,Water,500,170,90,45,90,45,60
372,322,Numel,FireGround,305,60,60,40,65,45,35
373,323,Camerupt,FireGround,460,70,100,70,105,75,40
374,323,CameruptMega Camerupt,FireGround,560,70,120,100,145,105,20
375,324,Torkoal,Fire,470,70,85,140,85,70,20
376,325,Spoink,Psychic,330,60,25,35,70,80,60
377,326,Grumpig,Psychic,470,80,45,65,90,110,80
378,327,Spinda,Normal,360,60,60,60,60,60,60
379,328,Trapinch,Ground,290,45,100,45,45,45,10
380,329,Vibrava,GroundDragon,340,50,70,50,50,50,70
381,330,Flygon,GroundDragon,520,80,100,80,80,80,100
382,331,Cacnea,Grass,335,50,85,40,85,40,35
383,332,Cacturne,GrassDark,475,70,115,60,115,60,55
384,333,Swablu,NormalFlying,310,45,40,60,40,75,50
385,334,Altaria,DragonFlying,490,75,70,90,70,105,80
386,334,AltariaMega Altaria,DragonFairy,590,75,110,110,110,105,80
387,335,Zangoose,Normal,458,73,115,60,60,60,90
388,336,Seviper,Poison,458,73,100,60,100,60,65
389,337,Lunatone,RockPsychic,460,90,55,65,95,85,70
390,338,Solrock,RockPsychic,460,90,95,85,55,65,70
391,339,Barboach,WaterGround,288,50,48,43,46,41,60
392,340,Whiscash,WaterGround,468,110,78,73,76,71,60
393,341,Corphish,Water,308,43,80,65,50,35,35
394,342,Crawdaunt,WaterDark,468,63,120,85,90,55,55
395,343,Baltoy,GroundPsychic,300,40,40,55,40,70,55
396,344,Claydol,GroundPsychic,500,60,70,105,70,120,75
397,345,Lileep,RockGrass,355,66,41,77,61,87,23
398,346,Cradily,RockGrass,495,86,81,97,81,107,43
399,347,Anorith,RockBug,355,45,95,50,40,50,75
400,348,Armaldo,RockBug,495,75,125,100,70,80,45
401,349,Feebas,Water,200,20,15,20,10,55,80
402,350,Milotic,Water,540,95,60,79,100,125,81
403,351,Castform,Normal,420,70,70,70,70,70,70
404,351,CastformSunny Form,Fire,420,70,70,70,70,70,70
405,351,CastformRainy Form,Water,420,70,70,70,70,70,70
406,351,CastformSnowy Form,Ice,420,70,70,70,70,70,70
407,352,Kecleon,Normal,440,60,90,70,60,120,40
408,353,Shuppet,Ghost,295,44,75,35,63,33,45
409,354,Banette,Ghost,455,64,115,65,83,63,65
410,354,BanetteMega Banette,Ghost,555,64,165,75,93,83,75
411,355,Duskull,Ghost,295,20,40,90,30,90,25
412,356,Dusclops,Ghost,455,40,70,130,60,130,25
413,357,Tropius,GrassFlying,460,99,68,83,72,87,51
414,358,Chimecho,Psychic,455,75,50,80,95,90,65
415,359,Absol,Dark,465,65,130,60,75,60,75
416,359,AbsolMega Absol,Dark,565,65,150,60,115,60,115
417,360,Wynaut,Psychic,260,95,23,48,23,48,23
418,361,Snorunt,Ice,300,50,50,50,50,50,50
419,362,Glalie,Ice,480,80,80,80,80,80,80
420,362,GlalieMega Glalie,Ice,580,80,120,80,120,80,100
421,363,Spheal,IceWater,290,70,40,50,55,50,25
422,364,Sealeo,IceWater,410,90,60,70,75,70,45
423,365,Walrein,IceWater,530,110,80,90,95,90,65
424,366,Clamperl,Water,345,35,64,85,74,55,32
425,367,Huntail,Water,485,55,104,105,94,75,52
426,368,Gorebyss,Water,485,55,84,105,114,75,52
427,369,Relicanth,WaterRock,485,100,90,130,45,65,55
428,370,Luvdisc,Water,330,43,30,55,40,65,97
429,371,Bagon,Dragon,300,45,75,60,40,30,50
430,372,Shelgon,Dragon,420,65,95,100,60,50,50
431,373,Salamence,DragonFlying,600,95,135,80,110,80,100
432,373,SalamenceMega Salamence,DragonFlying,700,95,145,130,120,90,120
433,374,Beldum,SteelPsychic,300,40,55,80,35,60,30
434,375,Metang,SteelPsychic,420,60,75,100,55,80,50
435,376,Metagross,SteelPsychic,600,80,135,130,95,90,70
436,376,MetagrossMega Metagross,SteelPsychic,700,80,145,150,105,110,110
437,377,Regirock,Rock,580,80,100,200,50,100,50
438,378,Regice,Ice,580,80,50,100,100,200,50
439,379,Registeel,Steel,580,80,75,150,75,150,50
440,380,Latias,DragonPsychic,600,80,80,90,110,130,110
441,380,LatiasMega Latias,DragonPsychic,700,80,100,120,140,150,110
442,381,Latios,DragonPsychic,600,80,90,80,130,110,110
443,381,LatiosMega Latios,DragonPsychic,700,80,130,100,160,120,110
444,382,Kyogre,Water,670,100,100,90,150,140,90
445,382,KyogrePrimal Kyogre,Water,770,100,150,90,180,160,90
446,383,Groudon,Ground,670,100,150,140,100,90,90
447,383,GroudonPrimal Groudon,GroundFire,770,100,180,160,150,90,90
448,384,Rayquaza,DragonFlying,680,105,150,90,150,90,95
449,384,RayquazaMega Rayquaza,DragonFlying,780,105,180,100,180,100,115
450,385,Jirachi,SteelPsychic,600,100,100,100,100,100,100
451,386,DeoxysNormal Forme,Psychic,600,50,150,50,150,50,150
452,386,DeoxysAttack Forme,Psychic,600,50,180,20,180,20,150
453,386,DeoxysDefense Forme,Psychic,600,50,70,160,70,160,90
454,386,DeoxysSpeed Forme,Psychic,600,50,95,90,95,90,180
455,387,Turtwig,Grass,318,55,68,64,45,55,31
456,388,Grotle,Grass,405,75,89,85,55,65,36
457,389,Torterra,GrassGround,525,95,109,105,75,85,56
458,390,Chimchar,Fire,309,44,58,44,58,44,61
459,391,Monferno,FireFighting,405,64,78,52,78,52,81
460,392,Infernape,FireFighting,534,76,104,71,104,71,108
461,393,Piplup,Water,314,53,51,53,61,56,40
462,394,Prinplup,Water,405,64,66,68,81,76,50
463,395,Empoleon,WaterSteel,530,84,86,88,111,101,60
464,396,Starly,NormalFlying,245,40,55,30,30,30,60
465,397,Staravia,NormalFlying,340,55,75,50,40,40,80
466,398,Staraptor,NormalFlying,485,85,120,70,50,60,100
467,399,Bidoof,Normal,250,59,45,40,35,40,31
468,400,Bibarel,NormalWater,410,79,85,60,55,60,71
469,401,Kricketot,Bug,194,37,25,41,25,41,25
470,402,Kricketune,Bug,384,77,85,51,55,51,65
471,403,Shinx,Electric,263,45,65,34,40,34,45
472,404,Luxio,Electric,363,60,85,49,60,49,60
473,405,Luxray,Electric,523,80,120,79,95,79,70
474,406,Budew,GrassPoison,280,40,30,35,50,70,55
475,407,Roserade,GrassPoison,515,60,70,65,125,105,90
476,408,Cranidos,Rock,350,67,125,40,30,30,58
477,409,Rampardos,Rock,495,97,165,60,65,50,58
478,410,Shieldon,RockSteel,350,30,42,118,42,88,30
479,411,Bastiodon,RockSteel,495,60,52,168,47,138,30
480,412,Burmy,Bug,224,40,29,45,29,45,36
481,413,WormadamPlant Cloak,BugGrass,424,60,59,85,79,105,36
482,413,WormadamSandy Cloak,BugGround,424,60,79,105,59,85,36
483,413,WormadamTrash Cloak,BugSteel,424,60,69,95,69,95,36
484,414,Mothim,BugFlying,424,70,94,50,94,50,66
485,415,Combee,BugFlying,244,30,30,42,30,42,70
486,416,Vespiquen,BugFlying,474,70,80,102,80,102,40
487,417,Pachirisu,Electric,405,60,45,70,45,90,95
488,418,Buizel,Water,330,55,65,35,60,30,85
489,419,Floatzel,Water,495,85,105,55,85,50,115
490,420,Cherubi,Grass,275,45,35,45,62,53,35
491,421,Cherrim,Grass,450,70,60,70,87,78,85
492,422,Shellos,Water,325,76,48,48,57,62,34
493,423,Gastrodon,WaterGround,475,111,83,68,92,82,39
494,424,Ambipom,Normal,482,75,100,66,60,66,115
495,425,Drifloon,GhostFlying,348,90,50,34,60,44,70
496,426,Drifblim,GhostFlying,498,150,80,44,90,54,80
497,427,Buneary,Normal,350,55,66,44,44,56,85
498,428,Lopunny,Normal,480,65,76,84,54,96,105
499,428,LopunnyMega Lopunny,NormalFighting,580,65,136,94,54,96,135
500,429,Mismagius,Ghost,495,60,60,60,105,105,105
501,430,Honchkrow,DarkFlying,505,100,125,52,105,52,71
502,431,Glameow,Normal,310,49,55,42,42,37,85
503,432,Purugly,Normal,452,71,82,64,64,59,112
504,433,Chingling,Psychic,285,45,30,50,65,50,45
505,434,Stunky,PoisonDark,329,63,63,47,41,41,74
506,435,Skuntank,PoisonDark,479,103,93,67,71,61,84
507,436,Bronzor,SteelPsychic,300,57,24,86,24,86,23
508,437,Bronzong,SteelPsychic,500,67,89,116,79,116,33
509,438,Bonsly,Rock,290,50,80,95,10,45,10
510,439,Mime Jr.,PsychicFairy,310,20,25,45,70,90,60
511,440,Happiny,Normal,220,100,5,5,15,65,30
512,441,Chatot,NormalFlying,411,76,65,45,92,42,91
513,442,Spiritomb,GhostDark,485,50,92,108,92,108,35
514,443,Gible,DragonGround,300,58,70,45,40,45,42
515,444,Gabite,DragonGround,410,68,90,65,50,55,82
516,445,Garchomp,DragonGround,600,108,130,95,80,85,102
517,445,GarchompMega Garchomp,DragonGround,700,108,170,115,120,95,92
518,446,Munchlax,Normal,390,135,85,40,40,85,5
519,447,Riolu,Fighting,285,40,70,40,35,40,60
520,448,Lucario,FightingSteel,525,70,110,70,115,70,90
521,448,LucarioMega Lucario,FightingSteel,625,70,145,88,140,70,112
522,449,Hippopotas,Ground,330,68,72,78,38,42,32
523,450,Hippowdon,Ground,525,108,112,118,68,72,47
524,451,Skorupi,PoisonBug,330,40,50,90,30,55,65
525,452,Drapion,PoisonDark,500,70,90,110,60,75,95
526,453,Croagunk,PoisonFighting,300,48,61,40,61,40,50
527,454,Toxicroak,PoisonFighting,490,83,106,65,86,65,85
528,455,Carnivine,Grass,454,74,100,72,90,72,46
529,456,Finneon,Water,330,49,49,56,49,61,66
530,457,Lumineon,Water,460,69,69,76,69,86,91
531,458,Mantyke,WaterFlying,345,45,20,50,60,120,50
532,459,Snover,GrassIce,334,60,62,50,62,60,40
533,460,Abomasnow,GrassIce,494,90,92,75,92,85,60
534,460,AbomasnowMega Abomasnow,GrassIce,594,90,132,105,132,105,30
535,461,Weavile,DarkIce,510,70,120,65,45,85,125
536,462,Magnezone,ElectricSteel,535,70,70,115,130,90,60
537,463,Lickilicky,Normal,515,110,85,95,80,95,50
538,464,Rhyperior,GroundRock,535,115,140,130,55,55,40
539,465,Tangrowth,Grass,535,100,100,125,110,50,50
540,466,Electivire,Electric,540,75,123,67,95,85,95
541,467,Magmortar,Fire,540,75,95,67,125,95,83
542,468,Togekiss,FairyFlying,545,85,50,95,120,115,80
543,469,Yanmega,BugFlying,515,86,76,86,116,56,95
544,470,Leafeon,Grass,525,65,110,130,60,65,95
545,471,Glaceon,Ice,525,65,60,110,130,95,65
546,472,Gliscor,GroundFlying,510,75,95,125,45,75,95
547,473,Mamoswine,IceGround,530,110,130,80,70,60,80
548,474,Porygon-Z,Normal,535,85,80,70,135,75,90
549,475,Gallade,PsychicFighting,518,68,125,65,65,115,80
550,475,GalladeMega Gallade,PsychicFighting,618,68,165,95,65,115,110
551,476,Probopass,RockSteel,525,60,55,145,75,150,40
552,477,Dusknoir,Ghost,525,45,100,135,65,135,45
553,478,Froslass,IceGhost,480,70,80,70,80,70,110
554,479,Rotom,ElectricGhost,440,50,50,77,95,77,91
555,479,RotomHeat Rotom,ElectricFire,520,50,65,107,105,107,86
556,479,RotomWash Rotom,ElectricWater,520,50,65,107,105,107,86
557,479,RotomFrost Rotom,ElectricIce,520,50,65,107,105,107,86
558,479,RotomFan Rotom,ElectricFlying,520,50,65,107,105,107,86
559,479,RotomMow Rotom,ElectricGrass,520,50,65,107,105,107,86
560,480,Uxie,Psychic,580,75,75,130,75,130,95
561,481,Mesprit,Psychic,580,80,105,105,105,105,80
562,482,Azelf,Psychic,580,75,125,70,125,70,115
563,483,Dialga,SteelDragon,680,100,120,120,150,100,90
564,484,Palkia,WaterDragon,680,90,120,100,150,120,100
565,485,Heatran,FireSteel,600,91,90,106,130,106,77
566,486,Regigigas,Normal,670,110,160,110,80,110,100
567,487,GiratinaAltered Forme,GhostDragon,680,150,100,120,100,120,90
568,487,GiratinaOrigin Forme,GhostDragon,680,150,120,100,120,100,90
569,488,Cresselia,Psychic,600,120,70,120,75,130,85
570,489,Phione,Water,480,80,80,80,80,80,80
571,490,Manaphy,Water,600,100,100,100,100,100,100
572,491,Darkrai,Dark,600,70,90,90,135,90,125
573,492,ShayminLand Forme,Grass,600,100,100,100,100,100,100
574,492,ShayminSky Forme,GrassFlying,600,100,103,75,120,75,127
575,493,Arceus,Normal,720,120,120,120,120,120,120
576,494,Victini,PsychicFire,600,100,100,100,100,100,100
577,495,Snivy,Grass,308,45,45,55,45,55,63
578,496,Servine,Grass,413,60,60,75,60,75,83
579,497,Serperior,Grass,528,75,75,95,75,95,113
580,498,Tepig,Fire,308,65,63,45,45,45,45
581,499,Pignite,FireFighting,418,90,93,55,70,55,55
582,500,Emboar,FireFighting,528,110,123,65,100,65,65
583,501,Oshawott,Water,308,55,55,45,63,45,45
584,502,Dewott,Water,413,75,75,60,83,60,60
585,503,Samurott,Water,528,95,100,85,108,70,70
586,504,Patrat,Normal,255,45,55,39,35,39,42
587,505,Watchog,Normal,420,60,85,69,60,69,77
588,506,Lillipup,Normal,275,45,60,45,25,45,55
589,507,Herdier,Normal,370,65,80,65,35,65,60
590,508,Stoutland,Normal,500,85,110,90,45,90,80
591,509,Purrloin,Dark,281,41,50,37,50,37,66
592,510,Liepard,Dark,446,64,88,50,88,50,106
593,511,Pansage,Grass,316,50,53,48,53,48,64
594,512,Simisage,Grass,498,75,98,63,98,63,101
595,513,Pansear,Fire,316,50,53,48,53,48,64
596,514,Simisear,Fire,498,75,98,63,98,63,101
597,515,Panpour,Water,316,50,53,48,53,48,64
598,516,Simipour,Water,498,75,98,63,98,63,101
599,517,Munna,Psychic,292,76,25,45,67,55,24
600,518,Musharna,Psychic,487,116,55,85,107,95,29
601,519,Pidove,NormalFlying,264,50,55,50,36,30,43
602,520,Tranquill,NormalFlying,358,62,77,62,50,42,65
603,521,Unfezant,NormalFlying,488,80,115,80,65,55,93
604,522,Blitzle,Electric,295,45,60,32,50,32,76
605,523,Zebstrika,Electric,497,75,100,63,80,63,116
606,524,Roggenrola,Rock,280,55,75,85,25,25,15
607,525,Boldore,Rock,390,70,105,105,50,40,20
608,526,Gigalith,Rock,515,85,135,130,60,80,25
609,527,Woobat,PsychicFlying,323,65,45,43,55,43,72
610,528,Swoobat,PsychicFlying,425,67,57,55,77,55,114
611,529,Drilbur,Ground,328,60,85,40,30,45,68
612,530,Excadrill,GroundSteel,508,110,135,60,50,65,88
613,531,Audino,Normal,445,103,60,86,60,86,50
614,531,AudinoMega Audino,NormalFairy,545,103,60,126,80,126,50
615,532,Timburr,Fighting,305,75,80,55,25,35,35
616,533,Gurdurr,Fighting,405,85,105,85,40,50,40
617,534,Conkeldurr,Fighting,505,105,140,95,55,65,45
618,535,Tympole,Water,294,50,50,40,50,40,64
619,536,Palpitoad,WaterGround,384,75,65,55,65,55,69
620,537,Seismitoad,WaterGround,509,105,95,75,85,75,74
621,538,Throh,Fighting,465,120,100,85,30,85,45
622,539,Sawk,Fighting,465,75,125,75,30,75,85
623,540,Sewaddle,BugGrass,310,45,53,70,40,60,42
624,541,Swadloon,BugGrass,380,55,63,90,50,80,42
625,542,Leavanny,BugGrass,500,75,103,80,70,80,92
626,543,Venipede,BugPoison,260,30,45,59,30,39,57
627,544,Whirlipede,BugPoison,360,40,55,99,40,79,47
628,545,Scolipede,BugPoison,485,60,100,89,55,69,112
629,546,Cottonee,GrassFairy,280,40,27,60,37,50,66
630,547,Whimsicott,GrassFairy,480,60,67,85,77,75,116
631,548,Petilil,Grass,280,45,35,50,70,50,30
632,549,Lilligant,Grass,480,70,60,75,110,75,90
633,550,BasculinRed-Striped Form,Water,460,70,92,65,80,55,98
634,550,BasculinBlue-Striped Form,Water,460,70,92,65,80,55,98
635,551,Sandile,GroundDark,292,50,72,35,35,35,65
636,552,Krokorok,GroundDark,351,60,82,45,45,45,74
637,553,Krookodile,GroundDark,519,95,117,80,65,70,92
638,554,Darumaka,Fire,315,70,90,45,15,45,50
639,555,DarmanitanStandard Mode,Fire,480,105,140,55,30,55,95
640,555,DarmanitanZen Mode,FirePsychic,540,105,30,105,140,105,55
641,556,Maractus,Grass,461,75,86,67,106,67,60
642,557,Dwebble,BugRock,325,50,65,85,35,35,55
643,558,Crustle,BugRock,485,70,105,125,65,75,45
644,559,Scraggy,DarkFighting,348,50,75,70,35,70,48
645,560,Scrafty,DarkFighting,488,65,90,115,45,115,58
646,561,Sigilyph,PsychicFlying,490,72,58,80,103,80,97
647,562,Yamask,Ghost,303,38,30,85,55,65,30
648,563,Cofagrigus,Ghost,483,58,50,145,95,105,30
649,564,Tirtouga,WaterRock,355,54,78,103,53,45,22
650,565,Carracosta,WaterRock,495,74,108,133,83,65,32
651,566,Archen,RockFlying,401,55,112,45,74,45,70
652,567,Archeops,RockFlying,567,75,140,65,112,65,110
653,568,Trubbish,Poison,329,50,50,62,40,62,65
654,569,Garbodor,Poison,474,80,95,82,60,82,75
655,570,Zorua,Dark,330,40,65,40,80,40,65
656,571,Zoroark,Dark,510,60,105,60,120,60,105
657,572,Minccino,Normal,300,55,50,40,40,40,75
658,573,Cinccino,Normal,470,75,95,60,65,60,115
659,574,Gothita,Psychic,290,45,30,50,55,65,45
660,575,Gothorita,Psychic,390,60,45,70,75,85,55
661,576,Gothitelle,Psychic,490,70,55,95,95,110,65
662,577,Solosis,Psychic,290,45,30,40,105,50,20
663,578,Duosion,Psychic,370,65,40,50,125,60,30
664,579,Reuniclus,Psychic,490,110,65,75,125,85,30
665,580,Ducklett,WaterFlying,305,62,44,50,44,50,55
666,581,Swanna,WaterFlying,473,75,87,63,87,63,98
667,582,Vanillite,Ice,305,36,50,50,65,60,44
668,583,Vanillish,Ice,395,51,65,65,80,75,59
669,584,Vanilluxe,Ice,535,71,95,85,110,95,79
670,585,Deerling,NormalGrass,335,60,60,50,40,50,75
671,586,Sawsbuck,NormalGrass,475,80,100,70,60,70,95
672,587,Emolga,ElectricFlying,428,55,75,60,75,60,103
673,588,Karrablast,Bug,315,50,75,45,40,45,60
674,589,Escavalier,BugSteel,495,70,135,105,60,105,20
675,590,Foongus,GrassPoison,294,69,55,45,55,55,15
676,591,Amoonguss,GrassPoison,464,114,85,70,85,80,30
677,592,Frillish,WaterGhost,335,55,40,50,65,85,40
678,593,Jellicent,WaterGhost,480,100,60,70,85,105,60
679,594,Alomomola,Water,470,165,75,80,40,45,65
680,595,Joltik,BugElectric,319,50,47,50,57,50,65
681,596,Galvantula,BugElectric,472,70,77,60,97,60,108
682,597,Ferroseed,GrassSteel,305,44,50,91,24,86,10
683,598,Ferrothorn,GrassSteel,489,74,94,131,54,116,20
684,599,Klink,Steel,300,40,55,70,45,60,30
685,600,Klang,Steel,440,60,80,95,70,85,50
686,601,Klinklang,Steel,520,60,100,115,70,85,90
687,602,Tynamo,Electric,275,35,55,40,45,40,60
688,603,Eelektrik,Electric,405,65,85,70,75,70,40
689,604,Eelektross,Electric,515,85,115,80,105,80,50
690,605,Elgyem,Psychic,335,55,55,55,85,55,30
691,606,Beheeyem,Psychic,485,75,75,75,125,95,40
692,607,Litwick,GhostFire,275,50,30,55,65,55,20
693,608,Lampent,GhostFire,370,60,40,60,95,60,55
694,609,Chandelure,GhostFire,520,60,55,90,145,90,80
695,610,Axew,Dragon,320,46,87,60,30,40,57
696,611,Fraxure,Dragon,410,66,117,70,40,50,67
697,612,Haxorus,Dragon,540,76,147,90,60,70,97
698,613,Cubchoo,Ice,305,55,70,40,60,40,40
699,614,Beartic,Ice,505,95,130,80,70,80,50
700,615,Cryogonal,Ice,515,80,50,50,95,135,105
701,616,Shelmet,Bug,305,50,40,85,40,65,25
702,617,Accelgor,Bug,495,80,70,40,100,60,145
703,618,Stunfisk,GroundElectric,471,109,66,84,81,99,32
704,619,Mienfoo,Fighting,350,45,85,50,55,50,65
705,620,Mienshao,Fighting,510,65,125,60,95,60,105
706,621,Druddigon,Dragon,485,77,120,90,60,90,48
707,622,Golett,GroundGhost,303,59,74,50,35,50,35
708,623,Golurk,GroundGhost,483,89,124,80,55,80,55
709,624,Pawniard,DarkSteel,340,45,85,70,40,40,60
710,625,Bisharp,DarkSteel,490,65,125,100,60,70,70
711,626,Bouffalant,Normal,490,95,110,95,40,95,55
712,627,Rufflet,NormalFlying,350,70,83,50,37,50,60
713,628,Braviary,NormalFlying,510,100,123,75,57,75,80
714,629,Vullaby,DarkFlying,370,70,55,75,45,65,60
715,630,Mandibuzz,DarkFlying,510,110,65,105,55,95,80
716,631,Heatmor,Fire,484,85,97,66,105,66,65
717,632,Durant,BugSteel,484,58,109,112,48,48,109
718,633,Deino,DarkDragon,300,52,65,50,45,50,38
719,634,Zweilous,DarkDragon,420,72,85,70,65,70,58
720,635,Hydreigon,DarkDragon,600,92,105,90,125,90,98
721,636,Larvesta,BugFire,360,55,85,55,50,55,60
722,637,Volcarona,BugFire,550,85,60,65,135,105,100
723,638,Cobalion,SteelFighting,580,91,90,129,90,72,108
724,639,Terrakion,RockFighting,580,91,129,90,72,90,108
725,640,Virizion,GrassFighting,580,91,90,72,90,129,108
726,641,TornadusIncarnate Forme,Flying,580,79,115,70,125,80,111
727,641,TornadusTherian Forme,Flying,580,79,100,80,110,90,121
728,642,ThundurusIncarnate Forme,ElectricFlying,580,79,115,70,125,80,111
729,642,ThundurusTherian Forme,ElectricFlying,580,79,105,70,145,80,101
730,643,Reshiram,DragonFire,680,100,120,100,150,120,90
731,644,Zekrom,DragonElectric,680,100,150,120,120,100,90
732,645,LandorusIncarnate Forme,GroundFlying,600,89,125,90,115,80,101
733,645,LandorusTherian Forme,GroundFlying,600,89,145,90,105,80,91
734,646,Kyurem,DragonIce,660,125,130,90,130,90,95
735,646,KyuremBlack Kyurem,DragonIce,700,125,170,100,120,90,95
736,646,KyuremWhite Kyurem,DragonIce,700,125,120,90,170,100,95
737,647,KeldeoOrdinary Forme,WaterFighting,580,91,72,90,129,90,108
738,647,KeldeoResolute Forme,WaterFighting,580,91,72,90,129,90,108
739,648,MeloettaAria Forme,NormalPsychic,600,100,77,77,128,128,90
740,648,MeloettaPirouette Forme,NormalFighting,600,100,128,90,77,77,128
741,649,Genesect,BugSteel,600,71,120,95,120,95,99
742,650,Chespin,Grass,313,56,61,65,48,45,38
743,651,Quilladin,Grass,405,61,78,95,56,58,57
744,652,Chesnaught,GrassFighting,530,88,107,122,74,75,64
745,653,Fennekin,Fire,307,40,45,40,62,60,60
746,654,Braixen,Fire,409,59,59,58,90,70,73
747,655,Delphox,FirePsychic,534,75,69,72,114,100,104
748,656,Froakie,Water,314,41,56,40,62,44,71
749,657,Frogadier,Water,405,54,63,52,83,56,97
750,658,Greninja,WaterDark,530,72,95,67,103,71,122
751,658,GreninjaAsh-Greninja,WaterDark,640,72,145,67,153,71,132
752,659,Bunnelby,Normal,237,38,36,38,32,36,57
753,660,Diggersby,NormalGround,423,85,56,77,50,77,78
754,661,Fletchling,NormalFlying,278,45,50,43,40,38,62
755,662,Fletchinder,FireFlying,382,62,73,55,56,52,84
756,663,Talonflame,FireFlying,499,78,81,71,74,69,126
757,664,Scatterbug,Bug,200,38,35,40,27,25,35
758,665,Spewpa,Bug,213,45,22,60,27,30,29
759,666,Vivillon,BugFlying,411,80,52,50,90,50,89
760,667,Litleo,FireNormal,369,62,50,58,73,54,72
761,668,Pyroar,FireNormal,507,86,68,72,109,66,106
762,669,Flabébé,Fairy,303,44,38,39,61,79,42
763,670,Floette,Fairy,371,54,45,47,75,98,52
764,671,Florges,Fairy,552,78,65,68,112,154,75
765,672,Skiddo,Grass,350,66,65,48,62,57,52
766,673,Gogoat,Grass,531,123,100,62,97,81,68
767,674,Pancham,Fighting,348,67,82,62,46,48,43
768,675,Pangoro,FightingDark,495,95,124,78,69,71,58
769,676,Furfrou,Normal,472,75,80,60,65,90,102
770,677,Espurr,Psychic,355,62,48,54,63,60,68
771,678,MeowsticMale,Psychic,466,74,48,76,83,81,104
772,678,MeowsticFemale,Psychic,466,74,48,76,83,81,104
773,679,Honedge,SteelGhost,325,45,80,100,35,37,28
774,680,Doublade,SteelGhost,448,59,110,150,45,49,35
775,681,AegislashBlade Forme,SteelGhost,520,60,150,50,150,50,60
776,681,AegislashShield Forme,SteelGhost,520,60,50,150,50,150,60
777,682,Spritzee,Fairy,341,78,52,60,63,65,23
778,683,Aromatisse,Fairy,462,101,72,72,99,89,29
779,684,Swirlix,Fairy,341,62,48,66,59,57,49
780,685,Slurpuff,Fairy,480,82,80,86,85,75,72
781,686,Inkay,DarkPsychic,288,53,54,53,37,46,45
782,687,Malamar,DarkPsychic,482,86,92,88,68,75,73
783,688,Binacle,RockWater,306,42,52,67,39,56,50
784,689,Barbaracle,RockWater,500,72,105,115,54,86,68
785,690,Skrelp,PoisonWater,320,50,60,60,60,60,30
786,691,Dragalge,PoisonDragon,494,65,75,90,97,123,44
787,692,Clauncher,Water,330,50,53,62,58,63,44
788,693,Clawitzer,Water,500,71,73,88,120,89,59
789,694,Helioptile,ElectricNormal,289,44,38,33,61,43,70
790,695,Heliolisk,ElectricNormal,481,62,55,52,109,94,109
791,696,Tyrunt,RockDragon,362,58,89,77,45,45,48
792,697,Tyrantrum,RockDragon,521,82,121,119,69,59,71
793,698,Amaura,RockIce,362,77,59,50,67,63,46
794,699,Aurorus,RockIce,521,123,77,72,99,92,58
795,700,Sylveon,Fairy,525,95,65,65,110,130,60
796,701,Hawlucha,FightingFlying,500,78,92,75,74,63,118
797,702,Dedenne,ElectricFairy,431,67,58,57,81,67,101
798,703,Carbink,RockFairy,500,50,50,150,50,150,50
799,704,Goomy,Dragon,300,45,50,35,55,75,40
800,705,Sliggoo,Dragon,452,68,75,53,83,113,60
801,706,Goodra,Dragon,600,90,100,70,110,150,80
802,707,Klefki,SteelFairy,470,57,80,91,80,87,75
803,708,Phantump,GhostGrass,309,43,70,48,50,60,38
804,709,Trevenant,GhostGrass,474,85,110,76,65,82,56
805,710,PumpkabooAverage Size,GhostGrass,335,49,66,70,44,55,51
806,710,PumpkabooSmall Size,GhostGrass,335,44,66,70,44,55,56
807,710,PumpkabooLarge Size,GhostGrass,335,54,66,70,44,55,46
808,710,PumpkabooSuper Size,GhostGrass,335,59,66,70,44,55,41
809,711,GourgeistAverage Size,GhostGrass,494,65,90,122,58,75,84
810,711,GourgeistSmall Size,GhostGrass,494,55,85,122,58,75,99
811,711,GourgeistLarge Size,GhostGrass,494,75,95,122,58,75,69
812,711,GourgeistSuper Size,GhostGrass,494,85,100,122,58,75,54
813,712,Bergmite,Ice,304,55,69,85,32,35,28
814,713,Avalugg,Ice,514,95,117,184,44,46,28
815,714,Noibat,FlyingDragon,245,40,30,35,45,40,55
816,715,Noivern,FlyingDragon,535,85,70,80,97,80,123
817,716,Xerneas,Fairy,680,126,131,95,131,98,99
818,717,Yveltal,DarkFlying,680,126,131,95,131,98,99
819,718,Zygarde50% Forme,DragonGround,600,108,100,121,81,95,95
820,718,Zygarde10% Forme,DragonGround,486,54,100,71,61,85,115
821,718,ZygardeComplete Forme,DragonGround,708,216,100,121,91,95,85
822,719,Diancie,RockFairy,600,50,100,150,100,150,50
823,719,DiancieMega Diancie,RockFairy,700,50,160,110,160,110,110
824,720,HoopaHoopa Confined,PsychicGhost,600,80,110,60,150,130,70
825,720,HoopaHoopa Unbound,PsychicDark,680,80,160,60,170,130,80
826,721,Volcanion,FireWater,600,80,110,120,130,90,70
827,722,Rowlet,GrassFlying,320,68,55,55,50,50,42
828,723,Dartrix,GrassFlying,420,78,75,75,70,70,52
829,724,Decidueye,GrassGhost,530,78,107,75,100,100,70
830,725,Litten,Fire,320,45,65,40,60,40,70
831,726,Torracat,Fire,420,65,85,50,80,50,90
832,727,Incineroar,FireDark,530,95,115,90,80,90,60
833,728,Popplio,Water,320,50,54,54,66,56,40
834,729,Brionne,Water,420,60,69,69,91,81,50
835,730,Primarina,WaterFairy,530,80,74,74,126,116,60
836,731,Pikipek,NormalFlying,265,35,75,30,30,30,65
837,732,Trumbeak,NormalFlying,355,55,85,50,40,50,75
838,733,Toucannon,NormalFlying,485,80,120,75,75,75,60
839,734,Yungoos,Normal,253,48,70,30,30,30,45
840,735,Gumshoos,Normal,418,88,110,60,55,60,45
841,736,Grubbin,Bug,300,47,62,45,55,45,46
842,737,Charjabug,BugElectric,400,57,82,95,55,75,36
843,738,Vikavolt,BugElectric,500,77,70,90,145,75,43
844,739,Crabrawler,Fighting,338,47,82,57,42,47,63
845,740,Crabominable,FightingIce,478,97,132,77,62,67,43
846,741,OricorioBaile Style,FireFlying,476,75,70,70,98,70,93
847,741,OricorioPom-Pom Style,ElectricFlying,476,75,70,70,98,70,93
848,741,OricorioPa'u Style,PsychicFlying,476,75,70,70,98,70,93
849,741,OricorioSensu Style,GhostFlying,476,75,70,70,98,70,93
850,742,Cutiefly,BugFairy,304,40,45,40,55,40,84
851,743,Ribombee,BugFairy,464,60,55,60,95,70,124
852,744,Rockruff,Rock,280,45,65,40,30,40,60
853,744,RockruffOwn Tempo Rockruff,Rock,280,45,65,40,30,40,60
854,745,LycanrocMidday Form,Rock,487,75,115,65,55,65,112
855,745,LycanrocMidnight Form,Rock,487,85,115,75,55,75,82
856,745,LycanrocDusk Form,Rock,487,75,117,65,55,65,110
857,746,WishiwashiSolo Form,Water,175,45,20,20,25,25,40
858,746,WishiwashiSchool Form,Water,620,45,140,130,140,135,30
859,747,Mareanie,PoisonWater,305,50,53,62,43,52,45
860,748,Toxapex,PoisonWater,495,50,63,152,53,142,35
861,749,Mudbray,Ground,385,70,100,70,45,55,45
862,750,Mudsdale,Ground,500,100,125,100,55,85,35
863,751,Dewpider,WaterBug,269,38,40,52,40,72,27
864,752,Araquanid,WaterBug,454,68,70,92,50,132,42
865,753,Fomantis,Grass,250,40,55,35,50,35,35
866,754,Lurantis,Grass,480,70,105,90,80,90,45
867,755,Morelull,GrassFairy,285,40,35,55,65,75,15
868,756,Shiinotic,GrassFairy,405,60,45,80,90,100,30
869,757,Salandit,PoisonFire,320,48,44,40,71,40,77
870,758,Salazzle,PoisonFire,480,68,64,60,111,60,117
871,759,Stufful,NormalFighting,340,70,75,50,45,50,50
872,760,Bewear,NormalFighting,500,120,125,80,55,60,60
873,761,Bounsweet,Grass,210,42,30,38,30,38,32
874,762,Steenee,Grass,290,52,40,48,40,48,62
875,763,Tsareena,Grass,510,72,120,98,50,98,72
876,764,Comfey,Fairy,485,51,52,90,82,110,100
877,765,Oranguru,NormalPsychic,490,90,60,80,90,110,60
878,766,Passimian,Fighting,490,100,120,90,40,60,80
879,767,Wimpod,BugWater,230,25,35,40,20,30,80
880,768,Golisopod,BugWater,530,75,125,140,60,90,40
881,769,Sandygast,GhostGround,320,55,55,80,70,45,15
882,770,Palossand,GhostGround,480,85,75,110,100,75,35
883,771,Pyukumuku,Water,410,55,60,130,30,130,5
884,772,Type: Null,Normal,534,95,95,95,95,95,59
885,773,Silvally,Normal,570,95,95,95,95,95,95
886,774,MiniorMeteor Form,RockFlying,440,60,60,100,60,100,60
887,774,MiniorCore Form,RockFlying,500,60,100,60,100,60,120
888,775,Komala,Normal,480,65,115,65,75,95,65
889,776,Turtonator,FireDragon,485,60,78,135,91,85,36
890,777,Togedemaru,ElectricSteel,435,65,98,63,40,73,96
891,778,Mimikyu,GhostFairy,476,55,90,80,50,105,96
892,779,Bruxish,WaterPsychic,475,68,105,70,70,70,92
893,780,Drampa,NormalDragon,485,78,60,85,135,91,36
894,781,Dhelmise,GhostGrass,517,70,131,100,86,90,40
895,782,Jangmo-o,Dragon,300,45,55,65,45,45,45
896,783,Hakamo-o,DragonFighting,420,55,75,90,65,70,65
897,784,Kommo-o,DragonFighting,600,75,110,125,100,105,85
898,785,Tapu Koko,ElectricFairy,570,70,115,85,95,75,130
899,786,Tapu Lele,PsychicFairy,570,70,85,75,130,115,95
900,787,Tapu Bulu,GrassFairy,570,70,130,115,85,95,75
901,788,Tapu Fini,WaterFairy,570,70,75,115,95,130,85
902,789,Cosmog,Psychic,200,43,29,31,29,31,37
903,790,Cosmoem,Psychic,400,43,29,131,29,131,37
904,791,Solgaleo,PsychicSteel,680,137,137,107,113,89,97
905,792,Lunala,PsychicGhost,680,137,113,89,137,107,97
906,793,Nihilego,RockPoison,570,109,53,47,127,131,103
907,794,Buzzwole,BugFighting,570,107,139,139,53,53,79
908,795,Pheromosa,BugFighting,570,71,137,37,137,37,151
909,796,Xurkitree,Electric,570,83,89,71,173,71,83
910,797,Celesteela,SteelFlying,570,97,101,103,107,101,61
911,798,Kartana,GrassSteel,570,59,181,131,59,31,109
912,799,Guzzlord,DarkDragon,570,223,101,53,97,53,43
913,800,Necrozma,Psychic,600,97,107,101,127,89,79
914,800,NecrozmaDusk Mane Necrozma,PsychicSteel,680,97,157,127,113,109,77
915,800,NecrozmaDawn Wings Necrozma,PsychicGhost,680,97,113,109,157,127,77
916,800,NecrozmaUltra Necrozma,PsychicDragon,754,97,167,97,167,97,129
917,801,Magearna,SteelFairy,600,80,95,115,130,115,65
918,802,Marshadow,FightingGhost,600,90,125,80,90,90,125
919,803,Poipole,Poison,420,67,73,67,73,67,73
920,804,Naganadel,PoisonDragon,540,73,73,73,127,73,121
921,805,Stakataka,RockSteel,570,61,131,211,53,101,13
922,806,Blacephalon,FireGhost,570,53,127,53,151,79,107
923,807,Zeraora,Electric,600,88,112,75,102,80,143
924,808,Meltan,Steel,300,46,65,65,55,35,34
925,809,Melmetal,Steel,600,135,143,143,80,65,34
